{
  "finif": {
    "file": "outputs/full_prompts/scaled_final/finif_v2_scaled_full_prompts.jsonl",
    "items": 1064,
    "constraints_per_prompt": {
      "n": 1064,
      "mean": 8.269736842105264,
      "median": 9.0,
      "min": 7,
      "p25": 8.0,
      "p75": 9.0,
      "p90": 9.0,
      "max": 9
    },
    "prompt_chars": {
      "n": 1064,
      "mean": 2405.2763157894738,
      "median": 2455.0,
      "min": 1460,
      "p25": 2168.75,
      "p75": 2688.25,
      "p90": 2916.7,
      "max": 3334
    },
    "prompt_words": {
      "n": 1064,
      "mean": 346.1588345864662,
      "median": 350.0,
      "min": 212,
      "p25": 309.0,
      "p75": 388.0,
      "p90": 432.70000000000005,
      "max": 518
    },
    "constraint_count_distribution": {
      "7": 252,
      "8": 273,
      "9": 539
    }
  },
  "ifeval": {
    "source": "google/IFEval train split from Hugging Face datasets",
    "items": 541,
    "constraints_per_prompt": {
      "n": 541,
      "mean": 1.5415896487985212,
      "median": 1,
      "min": 1,
      "p25": 1,
      "p75": 2,
      "p90": 3,
      "max": 3
    },
    "prompt_chars": {
      "n": 541,
      "mean": 210.75046210720888,
      "median": 191,
      "min": 53,
      "p25": 148,
      "p75": 251,
      "p90": 329,
      "max": 1858
    },
    "prompt_words": {
      "n": 541,
      "mean": 36.92606284658041,
      "median": 33,
      "min": 10,
      "p25": 26,
      "p75": 44,
      "p90": 58,
      "max": 295
    },
    "constraint_count_distribution": {
      "1": 305,
      "2": 179,
      "3": 57
    }
  }
}
